{"cameraMode":{"drawMode":0,"name":"Shaded","section":"Shading Mode"},"sceneLighting":false,"audioPlay":false,"sceneViewState":{"showFog":true,"showMaterialUpdate":true,"showSkybox":false,"showFlares":true,"showImageEffects":true,"showParticleSystems":true},"in2DMode":false,"pivot":{"x":0.37959372997283938,"y":1.8049626350402833,"z":0.5795462131500244},"rotation":{"x":-0.005856570787727833,"y":-0.9939849376678467,"z":0.08557670563459397,"w":-0.06809101998806},"size":11.956659317016602,"orthographic":false}