{"cameraMode":{"drawMode":0,"name":"Shaded","section":"Shading Mode"},"sceneLighting":true,"audioPlay":false,"sceneViewState":{"showFog":true,"showMaterialUpdate":true,"showSkybox":true,"showFlares":true,"showImageEffects":true,"showParticleSystems":true},"in2DMode":false,"pivot":{"x":0.2617454528808594,"y":0.9929141998291016,"z":-38.03977966308594},"rotation":{"x":-0.2872812747955322,"y":0.003149505006149411,"z":-0.0009385384619235992,"w":-0.9578406810760498},"size":6.540954113006592,"orthographic":false}